ID,4Q,annotator,id
Q1_0vLPYiPN7qY_0,1,D,1
Q1_0vLPYiPN7qY_1,1,D,2
Q1_0vLPYiPN7qY_2,1,D,3
Q1_1Qc15G0ZHIg_1,1,D,4
Q1_1Qc15G0ZHIg_2,1,D,5
Q1_1Qc15G0ZHIg_3,1,D,6
Q1_1vjy9oMFa8c_2,1,D,7
Q1_1vjy9oMFa8c_4,1,D,8
Q1_1vjy9oMFa8c_5,1,D,9
Q1_2Z9SjI131jA_0,1,C,10
Q1_2Z9SjI131jA_1,1,C,11
Q1_2Z9SjI131jA_10,1,C,12
Q1_2Z9SjI131jA_11,1,C,13
Q1_2Z9SjI131jA_12,1,C,14
Q1_2Z9SjI131jA_13,1,C,15
Q1_2Z9SjI131jA_14,1,C,16
Q1_2Z9SjI131jA_15,1,C,17
Q1_2Z9SjI131jA_2,1,C,18
Q1_2Z9SjI131jA_3,1,C,19
Q1_2Z9SjI131jA_4,1,C,20
Q1_2Z9SjI131jA_7,1,C,21
Q1_2Z9SjI131jA_8,1,C,22
Q1_2Z9SjI131jA_9,1,C,23
Q1_3N2G21U7guk_3,1,D,24
Q1_3N2G21U7guk_5,1,D,25
Q1_3N2G21U7guk_6,1,D,26
Q1_3ahg_eQZhxs_0,1,D,27
Q1_3ahg_eQZhxs_1,1,D,28
Q1_4dXC1cC7crw_0,1,D,29
Q1_4dXC1cC7crw_1,1,D,30
Q1_4ydjOX3pWds_0,1,D,31
Q1_4ydjOX3pWds_1,1,D,32
Q1_5Ju9q1N2x0E_2,1,D,33
Q1_5NW0zDu6IYM_2,1,D,34
Q1_60LLKmpgzRM_0,1,D,35
Q1_6Uf9XBUD3wE_0,1,D,36
Q1_6Uf9XBUD3wE_1,1,D,37
Q1_6kRPHamGDSo_0,1,D,38
Q1_6kRPHamGDSo_1,1,D,39
Q1_6kRPHamGDSo_3,1,D,40
Q1_6wFJhmhNeeg_0,1,A,41
Q1_7yW9c7t8Hq0_1,1,D,42
Q1_7yW9c7t8Hq0_2,1,D,43
Q1_7yW9c7t8Hq0_3,1,D,44
Q1_8izVTDgBQPc_0,1,D,45
Q1_8izVTDgBQPc_1,1,D,46
Q1_8rupdevqfuI_0,1,D,47
Q1_8rupdevqfuI_1,1,D,48
Q1_8rupdevqfuI_2,1,D,49
Q1_94ROf10d1iA_0,1,D,50
Q1_94ROf10d1iA_1,1,D,51
Q1_94ROf10d1iA_2,1,D,52
Q1_94ROf10d1iA_3,1,D,53
Q1_9Yb9OEVwups_0,1,D,54
Q1_9v2WSpn4FCw_0,1,A,55
Q1_9v2WSpn4FCw_1,1,A,56
Q1_9v2WSpn4FCw_10,1,A,57
Q1_9v2WSpn4FCw_2,1,A,58
Q1_9v2WSpn4FCw_5,1,A,59
Q1_9v2WSpn4FCw_6,1,A,60
Q1_ANZf1QXsNrY_0,1,D,61
Q1_ANZf1QXsNrY_1,1,D,62
Q1_ANZf1QXsNrY_2,1,D,63
Q1_ANZf1QXsNrY_3,1,D,64
Q1_ANZf1QXsNrY_4,1,D,65
Q1_ANZf1QXsNrY_5,1,D,66
Q1_BGf5nCdzPOc_0,1,D,67
Q1_BGf5nCdzPOc_1,1,D,68
Q1_Cg2u_Ldjv8g_0,1,D,69
Q1_Cg2u_Ldjv8g_1,1,D,70
Q1_DX1IK3z1w10_1,1,A,71
Q1_Fc1qk52SaKY_0,1,D,72
Q1_Fc1qk52SaKY_1,1,D,73
Q1_FfwKrQyQ7WU_0,1,D,74
Q1_FfwKrQyQ7WU_1,1,D,75
Q1_FfwKrQyQ7WU_2,1,D,76
Q1_FfwKrQyQ7WU_3,1,D,77
Q1_GY3f6ckBVkA_0,1,D,78
Q1_GY3f6ckBVkA_1,1,D,79
Q1_GY3f6ckBVkA_2,1,D,80
Q1_GY3f6ckBVkA_3,1,D,81
Q1_GbUV3TXUzeQ_1,1,A,82
Q1_GbUV3TXUzeQ_2,1,A,83
Q1_HY9vPoHbgaI_0,1,D,84
Q1_HY9vPoHbgaI_1,1,D,85
Q1_HY9vPoHbgaI_2,1,D,86
Q1_HY9vPoHbgaI_3,1,D,87
Q1_IH2KrGjKXw0_3,1,D,88
Q1_Ie5koh4qvJc_12,1,D,89
Q1_Ie5koh4qvJc_6,1,D,90
Q1_J6X3rVU1H-c_1,1,D,91
Q1_J6X3rVU1H-c_2,1,D,92
Q1_JT1XJnVmABo_2,1,A,93
Q1_JT1XJnVmABo_3,1,A,94
Q1_JT1XJnVmABo_4,1,A,95
Q1_JT1XJnVmABo_5,1,A,96
Q1_JYVXM0qNQAg_0,1,D,97
Q1_JYVXM0qNQAg_2,1,D,98
Q1_Jn9r0avp0fY_0,1,D,99
Q1_Jn9r0avp0fY_1,1,D,100
Q1_Jn9r0avp0fY_2,1,D,101
Q1_Jn9r0avp0fY_3,1,D,102
Q1_K6OFDxBU370_0,1,D,103
Q1_K6OFDxBU370_1,1,D,104
Q1_KxlqB3j0zys_0,1,D,105
Q1_KxlqB3j0zys_1,1,D,106
Q1_NGE9ynTJABg_0,1,D,107
Q1_NGE9ynTJABg_1,1,D,108
Q1_NGE9ynTJABg_2,1,D,109
Q1_NP0lwB-_-og_1,1,D,110
Q1_POaIGvLsp5M_0,1,D,111
Q1_POaIGvLsp5M_1,1,D,112
Q1_PdwxeMPXOCk_0,1,C,113
Q1_PdwxeMPXOCk_1,1,C,114
Q1_PdwxeMPXOCk_2,1,C,115
Q1_QwsQ8ejbMKg_0,1,D,116
Q1_QwsQ8ejbMKg_1,1,D,117
Q1_RaUSISlnhKw_0,1,D,118
Q1_RaUSISlnhKw_1,1,D,119
Q1_RaUSISlnhKw_2,1,D,120
Q1_SQDuF0qxGQw_0,1,D,121
Q1_SQDuF0qxGQw_1,1,D,122
Q1_SQDuF0qxGQw_2,1,D,123
Q1_SlsXsqotUis_0,1,D,124
Q1_T92R7xjce34_1,1,A,125
Q1_TNoaOTrTkTQ_0,1,C,126
Q1_TNoaOTrTkTQ_1,1,C,127
Q1_TNoaOTrTkTQ_2,1,C,128
Q1_UJcnNfeCN1c_2,1,D,129
Q1_UJcnNfeCN1c_3,1,D,130
Q1_UOSlDydo94E_0,1,D,131
Q1_UOSlDydo94E_1,1,D,132
Q1_UOSlDydo94E_2,1,D,133
Q1_UYh88SRZC24_0,1,D,134
Q1_UYh88SRZC24_1,1,D,135
Q1_V3Y9L4UOcpk_2,1,D,136
Q1_VXgRfsVd_o0_0,1,D,137
Q1_VXgRfsVd_o0_1,1,D,138
Q1_VXgRfsVd_o0_2,1,D,139
Q1_WpZ1rWHOCAQ_0,1,D,140
Q1_WpZ1rWHOCAQ_1,1,D,141
Q1_WpZ1rWHOCAQ_2,1,D,142
Q1_Wy2-my19YnY_0,1,D,143
Q1_Wy2-my19YnY_1,1,D,144
Q1_XC_SiJszQx0_3,1,D,145
Q1_Xsn9zT-05ns_0,1,D,146
Q1_Xsn9zT-05ns_1,1,D,147
Q1_Y5JcZQ0xg4Y_0,1,D,148
Q1_Y5JcZQ0xg4Y_1,1,D,149
Q1_Y5JcZQ0xg4Y_2,1,D,150
Q1_Y5JcZQ0xg4Y_3,1,D,151
Q1_ZgT7yq2jsBk_0,1,D,152
Q1__8v0MFBZoco_0,1,D,153
Q1__8v0MFBZoco_1,1,D,154
Q1__BK2o77sTc0_0,1,D,155
Q1__BK2o77sTc0_1,1,D,156
Q1__SJQaaRzD-A_0,1,D,157
Q1__SJQaaRzD-A_1,1,D,158
Q1__kJtgm1OUNA_0,1,D,159
Q1__kJtgm1OUNA_1,1,D,160
Q1__kJtgm1OUNA_2,1,D,161
Q1_aYe-2Glruu4_0,1,D,162
Q1_aYe-2Glruu4_1,1,D,163
Q1_aYe-2Glruu4_3,1,D,164
Q1_aYe-2Glruu4_4,1,D,165
Q1_bIx4DwkZxFY_0,1,C,166
Q1_bIx4DwkZxFY_1,1,C,167
Q1_bIx4DwkZxFY_2,1,C,168
Q1_bQS8eAXAhyE_0,1,D,169
Q1_bQS8eAXAhyE_1,1,D,170
Q1_bQS8eAXAhyE_2,1,D,171
Q1_biROWEwkDQQ_3,1,D,172
Q1_cB-Xh8H_7-Q_0,1,D,173
Q1_dfNdpy8TUzA_0,1,D,174
Q1_dfNdpy8TUzA_1,1,D,175
Q1_dfNdpy8TUzA_2,1,D,176
Q1_doM_LWo-74A_0,1,D,177
Q1_doM_LWo-74A_1,1,D,178
Q1_doM_LWo-74A_2,1,D,179
Q1_doM_LWo-74A_3,1,D,180
Q1_doM_LWo-74A_4,1,D,181
Q1_e838BE_MH6s_1,1,D,182
Q1_e838BE_MH6s_2,1,D,183
Q1_e838BE_MH6s_3,1,D,184
Q1_e838BE_MH6s_4,1,D,185
Q1_e8NQ2NH0nc8_0,1,D,186
Q1_e8NQ2NH0nc8_1,1,D,187
Q1_eVMSeElk81Q_0,1,D,188
Q1_eVMSeElk81Q_1,1,D,189
Q1_eVMSeElk81Q_2,1,D,190
Q1_fey-8bOR95E_0,1,D,191
Q1_fey-8bOR95E_1,1,D,192
Q1_fey-8bOR95E_2,1,D,193
Q1_fey-8bOR95E_3,1,D,194
Q1_gSwv8hZGM-s_0,1,C,195
Q1_gSwv8hZGM-s_1,1,C,196
Q1_gwmVjvR-sVs_0,1,D,197
Q1_gwmVjvR-sVs_1,1,D,198
Q1_iFgSjUqI7iM_0,1,A,199
Q1_iFgSjUqI7iM_1,1,A,200
Q1_im4Qxn3GQvo_0,1,D,201
Q1_im4Qxn3GQvo_1,1,D,202
Q1_im4Qxn3GQvo_2,1,D,203
Q1_jziI_cuN_H8_0,1,D,204
Q1_jziI_cuN_H8_1,1,D,205
Q1_jziI_cuN_H8_2,1,D,206
Q1_k4dxAlI5N-k_0,1,D,207
Q1_k4dxAlI5N-k_1,1,D,208
Q1_ldCQ6N9G6Mk_2,1,A,209
Q1_mX-xs3OVhTs_0,1,D,210
Q1_mX-xs3OVhTs_1,1,D,211
Q1_miqLU2739dk_1,1,D,212
Q1_nOIBJHkqrE8_0,1,D,213
Q1_o5AIp2Yc01M_0,1,D,214
Q1_o5AIp2Yc01M_1,1,D,215
Q1_osxmQReE_2o_0,1,C,216
Q1_pNwQ9Tu_bCs_0,1,D,217
Q1_pNwQ9Tu_bCs_1,1,D,218
Q1_pNwQ9Tu_bCs_2,1,D,219
Q1_qlbazHayULg_8,1,D,220
Q1_r6laJv1-HMg_0,1,D,221
Q1_s5b8viFsVJE_0,1,D,222
Q1_s5b8viFsVJE_1,1,D,223
Q1_s5b8viFsVJE_2,1,D,224
Q1_s6-SbDSZzEU_0,1,D,225
Q1_s6-SbDSZzEU_1,1,D,226
Q1_sUJ4a74Skk8_0,1,D,227
Q1_sZe3IB1OVfw_0,1,D,228
Q1_sZe3IB1OVfw_1,1,D,229
Q1_uqRLEByE6pU_0,1,D,230
Q1_uqRLEByE6pU_1,1,D,231
Q1_uqRLEByE6pU_2,1,D,232
Q1_vv6nrZ2myXw_0,1,D,233
Q1_vv6nrZ2myXw_1,1,D,234
Q1_vv6nrZ2myXw_2,1,D,235
Q1_vv6nrZ2myXw_3,1,D,236
Q1_vv6nrZ2myXw_4,1,D,237
Q1_wnB2cjd6zbE_0,1,D,238
Q1_xrhWli_R98g_1,1,D,239
Q1_xrhWli_R98g_3,1,D,240
Q1_yFw_kO7DF-Y_0,1,D,241
Q1_yFw_kO7DF-Y_1,1,D,242
Q1_yFw_kO7DF-Y_2,1,D,243
Q1_zHwJG8Rrx6c_0,1,D,244
Q1_zHwJG8Rrx6c_1,1,D,245
Q1_zHwJG8Rrx6c_2,1,D,246
Q1_zHwJG8Rrx6c_3,1,D,247
Q1_zmZHNy9T8Pg_0,1,D,248
Q1_zmZHNy9T8Pg_1,1,D,249
Q1_zmZHNy9T8Pg_2,1,D,250
Q2_--2B4d4lQhs_0,2,D,251
Q2_--2B4d4lQhs_1,2,D,252
Q2_--2B4d4lQhs_2,2,D,253
Q2_-jJVb0xvbdg_0,2,A,254
Q2_-jJVb0xvbdg_1,2,A,255
Q2_08t73Qgjkt4_0,2,D,256
Q2_08t73Qgjkt4_1,2,D,257
Q2_08t73Qgjkt4_2,2,D,258
Q2_0H4rq0L9OSw_0,2,D,259
Q2_0H4rq0L9OSw_1,2,D,260
Q2_0J7lX-Tcx-w_0,2,D,261
Q2_0J7lX-Tcx-w_1,2,D,262
Q2_0J7lX-Tcx-w_2,2,D,263
Q2_0qYNvMCEwaw_0,2,D,264
Q2_0v2N1ROvEI0_0,2,D,265
Q2_0v2N1ROvEI0_1,2,D,266
Q2_16OaOpfOPZ0_2,2,D,267
Q2_16OaOpfOPZ0_3,2,D,268
Q2_1EDThWjNxOI_0,2,D,269
Q2_1EDThWjNxOI_1,2,D,270
Q2_1Q3MoBFh6eU_1,2,D,271
Q2_1TAKQK3s6qQ_0,2,B,272
Q2_1kny88W533Q_0,2,D,273
Q2_1kny88W533Q_2,2,D,274
Q2_1kny88W533Q_3,2,D,275
Q2_1kny88W533Q_4,2,D,276
Q2_2uLw9Zs60A4_0,2,A,277
Q2_38i12IPkL5c_0,2,A,278
Q2_38i12IPkL5c_1,2,A,279
Q2_38i12IPkL5c_2,2,A,280
Q2_3ZnxqCZ7qGg_1,2,D,281
Q2_3ZnxqCZ7qGg_2,2,D,282
Q2_3_MxhSS86oU_0,2,D,283
Q2_3_MxhSS86oU_1,2,D,284
Q2_48EYLEAgaBc_0,2,D,285
Q2_48EYLEAgaBc_1,2,D,286
Q2_5CEAeMiXKaA_0,2,B,287
Q2_5NW0zDu6IYM_0,2,D,288
Q2_5NW0zDu6IYM_1,2,D,289
Q2_61EA0xRX8gE_0,2,B,290
Q2_61EA0xRX8gE_1,2,B,291
Q2_61EA0xRX8gE_3,2,B,292
Q2_61EA0xRX8gE_4,2,B,293
Q2_61EA0xRX8gE_5,2,B,294
Q2_6n8HgIcJ6vo_0,2,A,295
Q2_78C_TpQDvVE_0,2,B,296
Q2_78C_TpQDvVE_1,2,B,297
Q2_7n32BtYb4d4_0,2,D,298
Q2_7n32BtYb4d4_1,2,D,299
Q2_7n32BtYb4d4_2,2,D,300
Q2_7n32BtYb4d4_3,2,D,301
Q2_8TYY0qG-KOw_1,2,A,302
Q2_8c7kcmsnf-s_0,2,D,303
Q2_8c7kcmsnf-s_1,2,D,304
Q2_8c7kcmsnf-s_2,2,D,305
Q2_9v2WSpn4FCw_1,2,D,306
Q2_9v2WSpn4FCw_2,2,D,307
Q2_9v2WSpn4FCw_3,2,D,308
Q2_9v2WSpn4FCw_4,2,D,309
Q2_9v2WSpn4FCw_5,2,D,310
Q2_9v2WSpn4FCw_6,2,D,311
Q2_9v2WSpn4FCw_7,2,D,312
Q2_9v2WSpn4FCw_8,2,D,313
Q2_ANZf1QXsNrY_6,2,D,314
Q2_ANZf1QXsNrY_7,2,D,315
Q2_AWNbcxXDmt0_0,2,A,316
Q2_AacIP9mDLw8_0,2,B,317
Q2_AacIP9mDLw8_2,2,B,318
Q2_BzqX-9TA-GY_1,2,B,319
Q2_BzqX-9TA-GY_2,2,B,320
Q2_CxFXrYgdSSI_0,2,B,321
Q2_CxFXrYgdSSI_1,2,B,322
Q2_CxFXrYgdSSI_2,2,B,323
Q2_D-gDPh9ZpFk_0,2,A,324
Q2_D-gDPh9ZpFk_1,2,A,325
Q2_D-gDPh9ZpFk_2,2,A,326
Q2_D5kyjnlDNZs_0,2,A,327
Q2_D5kyjnlDNZs_1,2,A,328
Q2_D5kyjnlDNZs_2,2,A,329
Q2_DYBBfpEx-JI_0,2,B,330
Q2_DYBBfpEx-JI_1,2,B,331
Q2_DYBBfpEx-JI_2,2,B,332
Q2_DYBBfpEx-JI_3,2,B,333
Q2_Dg935IbDggo_0,2,B,334
Q2_Dg935IbDggo_1,2,B,335
Q2_Dg935IbDggo_2,2,B,336
Q2_Dg935IbDggo_3,2,B,337
Q2_DhnX54kOW8U_0,2,D,338
Q2_EtAbPc20mn8_0,2,D,339
Q2_FUAK5TBaNY8_1,2,D,340
Q2_GwdQliEv6Z0_0,2,D,341
Q2_GwdQliEv6Z0_1,2,D,342
Q2_Ie5koh4qvJc_10,2,B,343
Q2_Ie5koh4qvJc_11,2,B,344
Q2_Ie5koh4qvJc_13,2,B,345
Q2_Ie5koh4qvJc_26,2,B,346
Q2_Ie5koh4qvJc_30,2,B,347
Q2_Ie5koh4qvJc_7,2,B,348
Q2_Ie5koh4qvJc_9,2,B,349
Q2_Iq6g_4AwUWs_0,2,D,350
Q2_Iq6g_4AwUWs_1,2,D,351
Q2_ItGNJM6skM4_1,2,B,352
Q2_ItGNJM6skM4_2,2,B,353
Q2_JMt4m608s3k_0,2,D,354
Q2_JMt4m608s3k_1,2,D,355
Q2_JMt4m608s3k_2,2,D,356
Q2_JT1XJnVmABo_6,2,D,357
Q2_JYVXM0qNQAg_1,2,D,358
Q2_Kk60F8a7-Jw_0,2,D,359
Q2_L3_TadjSQQ0_0,2,D,360
Q2_L3_TadjSQQ0_1,2,D,361
Q2_OCqMDeD6Fmc_0,2,B,362
Q2_OCqMDeD6Fmc_1,2,B,363
Q2_OCqMDeD6Fmc_2,2,B,364
Q2_OCqMDeD6Fmc_3,2,B,365
Q2_P-We4q3goKU_1,2,B,366
Q2_P-We4q3goKU_2,2,B,367
Q2_P-We4q3goKU_3,2,B,368
Q2_P-We4q3goKU_4,2,B,369
Q2_P-We4q3goKU_5,2,B,370
Q2_P-We4q3goKU_6,2,B,371
Q2_PZN7XLKzLDI_0,2,D,372
Q2_Q5b5unyP8BM_0,2,D,373
Q2_Q5b5unyP8BM_1,2,D,374
Q2_QmK_SND2jAw_0,2,B,375
Q2_QmK_SND2jAw_1,2,B,376
Q2_REq37pDAm3A_2,2,D,377
Q2_RiQMuhk_SuQ_1,2,B,378
Q2_RiQMuhk_SuQ_2,2,B,379
Q2_RiQMuhk_SuQ_3,2,B,380
Q2_S1T3UF1vhSk_1,2,D,381
Q2_S1T3UF1vhSk_2,2,D,382
Q2_S7Bo4-NCEDk_0,2,D,383
Q2_S7Bo4-NCEDk_1,2,D,384
Q2_S7Bo4-NCEDk_2,2,D,385
Q2_TcFVq0leii4_1,2,D,386
Q2_TcFVq0leii4_2,2,D,387
Q2_UAm0aWvzFI8_0,2,D,388
Q2_UAm0aWvzFI8_1,2,D,389
Q2_UE0y8MHqT-g_1,2,B,390
Q2_UE0y8MHqT-g_2,2,B,391
Q2_UJcnNfeCN1c_1,2,D,392
Q2_UTo7E0evQWw_0,2,D,393
Q2_Uu-oRTRT6uQ_0,2,D,394
Q2_Uu-oRTRT6uQ_1,2,D,395
Q2_Uu-oRTRT6uQ_2,2,D,396
Q2_WBxql6cuU7c_0,2,B,397
Q2_WQrPcuy50aA_0,2,B,398
Q2_WQrPcuy50aA_1,2,B,399
Q2_XC_SiJszQx0_1,2,D,400
Q2_XfA2KXodrOE_0,2,D,401
Q2_XfA2KXodrOE_1,2,D,402
Q2_ZTrEoB8T9YA_0,2,D,403
Q2_ZTrEoB8T9YA_1,2,D,404
Q2_ZTrEoB8T9YA_2,2,D,405
Q2_ZdyiXIlKe_Y_0,2,D,406
Q2_ZdyiXIlKe_Y_1,2,D,407
Q2__FVzelKlBFs_0,2,D,408
Q2__FVzelKlBFs_1,2,D,409
Q2__FVzelKlBFs_2,2,D,410
Q2__S991V8N-8s_1,2,D,411
Q2__vZOEQCYSaY_1,2,D,412
Q2_aYe-2Glruu4_2,2,D,413
Q2_b8HVQtIoBYU_0,2,B,414
Q2_b8HVQtIoBYU_1,2,B,415
Q2_bfopzItCYrE_1,2,A,416
Q2_cFWdWpyvwag_0,2,B,417
Q2_cFWdWpyvwag_1,2,B,418
Q2_cQp1BYDGcRo_0,2,D,419
Q2_cQp1BYDGcRo_1,2,D,420
Q2_cm6E860vDjY_0,2,B,421
Q2_cm6E860vDjY_1,2,B,422
Q2_cm6E860vDjY_2,2,B,423
Q2_dtS02mrDMsM_0,2,D,424
Q2_dtS02mrDMsM_1,2,D,425
Q2_dtS02mrDMsM_2,2,D,426
Q2_dtS02mrDMsM_3,2,D,427
Q2_dtS02mrDMsM_4,2,D,428
Q2_eGQUZ9FlUJ4_0,2,D,429
Q2_eGQUZ9FlUJ4_1,2,D,430
Q2_epX33OVpkmA_0,2,B,431
Q2_epX33OVpkmA_1,2,B,432
Q2_epX33OVpkmA_2,2,B,433
Q2_ezoAduuCkUs_0,2,B,434
Q2_f2BXXa7lPuE_0,2,D,435
Q2_f2BXXa7lPuE_1,2,D,436
Q2_f2BXXa7lPuE_2,2,D,437
Q2_f2BXXa7lPuE_3,2,D,438
Q2_fuCxYrru2S4_1,2,D,439
Q2_fuCxYrru2S4_2,2,D,440
Q2_gvWDOIiocuE_1,2,D,441
Q2_ijfxkQPAQdE_1,2,B,442
Q2_ijfxkQPAQdE_2,2,B,443
Q2_ivCNV47tsRw_0,2,D,444
Q2_ivCNV47tsRw_1,2,D,445
Q2_ivCNV47tsRw_2,2,D,446
Q2_ivCNV47tsRw_3,2,D,447
Q2_iwxwLEvqeD8_1,2,D,448
Q2_jIKX3ShvLxo_0,2,D,449
Q2_jIKX3ShvLxo_1,2,D,450
Q2_jIKX3ShvLxo_2,2,D,451
Q2_jO2zX6Ul8GM_0,2,B,452
Q2_jO2zX6Ul8GM_1,2,B,453
Q2_jTPXwbDtIpA_1,2,B,454
Q2_jTPXwbDtIpA_2,2,B,455
Q2_jrVXitpLGMk_0,2,D,456
Q2_jrVXitpLGMk_1,2,D,457
Q2_jrVXitpLGMk_2,2,D,458
Q2_k-FNDbK6Qhg_0,2,D,459
Q2_k-FNDbK6Qhg_2,2,D,460
Q2_k4lT-sXg3iI_0,2,D,461
Q2_k4lT-sXg3iI_1,2,D,462
Q2_k4lT-sXg3iI_2,2,D,463
Q2_kKFwiXKlhC8_0,2,B,464
Q2_kKFwiXKlhC8_1,2,B,465
Q2_l-4Kce3YxxQ_0,2,D,466
Q2_l-4Kce3YxxQ_1,2,D,467
Q2_l-4Kce3YxxQ_2,2,D,468
Q2_l-4Kce3YxxQ_3,2,D,469
Q2_l-4Kce3YxxQ_4,2,D,470
Q2_lFznCt5kvXM_0,2,D,471
Q2_lalnGhxT3PQ_0,2,D,472
Q2_lalnGhxT3PQ_1,2,D,473
Q2_miqLU2739dk_0,2,D,474
Q2_mlHheZbblT0_0,2,D,475
Q2_mlHheZbblT0_1,2,D,476
Q2_nOIBJHkqrE8_1,2,D,477
Q2_o20YCzej5_s_0,2,D,478
Q2_pouxqiySdI8_0,2,D,479
Q2_pouxqiySdI8_1,2,D,480
Q2_qlbazHayULg_0,2,B,481
Q2_qlbazHayULg_1,2,B,482
Q2_qlbazHayULg_10,2,B,483
Q2_qlbazHayULg_11,2,B,484
Q2_qlbazHayULg_12,2,B,485
Q2_qlbazHayULg_2,2,B,486
Q2_qlbazHayULg_4,2,B,487
Q2_qlbazHayULg_5,2,B,488
Q2_qlbazHayULg_6,2,B,489
Q2_qlbazHayULg_7,2,B,490
Q2_rEz0D3VohFA_1,2,D,491
Q2_rEz0D3VohFA_2,2,D,492
Q2_sEQf5lcnj_o_0,2,D,493
Q2_sEQf5lcnj_o_1,2,D,494
Q2_sEQf5lcnj_o_2,2,D,495
Q2_sEQf5lcnj_o_3,2,D,496
Q2_snfsc7pEzlk_0,2,D,497
Q2_snfsc7pEzlk_1,2,D,498
Q2_snfsc7pEzlk_2,2,D,499
Q2_ufRISSD28XA_0,2,D,500
Q2_ufRISSD28XA_1,2,D,501
Q2_wfXSdMsd4q8_5,2,D,502
Q2_x5ibvz38jOs_0,2,D,503
Q2_x5ibvz38jOs_1,2,D,504
Q2_yZGBxiNPu3k_0,2,B,505
Q2_yhIncZ_Ue4E_0,2,B,506
Q2_yhIncZ_Ue4E_1,2,B,507
Q2_yhIncZ_Ue4E_2,2,B,508
Q2_yrvKReuwVlY_0,2,B,509
Q2_yrvKReuwVlY_1,2,B,510
Q2_yrvKReuwVlY_2,2,B,511
Q2_yrvKReuwVlY_3,2,B,512
Q2_z5ewpQwGDNw_0,2,B,513
Q2_z5ewpQwGDNw_1,2,B,514
Q2_z5ewpQwGDNw_2,2,B,515
Q3_-vAz_HTFEXs_0,3,C,516
Q3_-vAz_HTFEXs_1,3,C,517
Q3_02t1bj7ZABY_0,3,C,518
Q3_02t1bj7ZABY_1,3,C,519
Q3_02t1bj7ZABY_2,3,C,520
Q3_0EWWyyV7RJA_0,3,C,521
Q3_0c2dTJTDUR4_0,3,C,522
Q3_0lEL_XHyhuU_0,3,C,523
Q3_0lEL_XHyhuU_1,3,C,524
Q3_0lEL_XHyhuU_2,3,C,525
Q3_0lEL_XHyhuU_3,3,C,526
Q3_0vLPYiPN7qY_3,3,C,527
Q3_0wRQRwnQiqY_0,3,C,528
Q3_16OaOpfOPZ0_0,3,C,529
Q3_16OaOpfOPZ0_1,3,C,530
Q3_1Q3MoBFh6eU_0,3,C,531
Q3_1Q3MoBFh6eU_2,3,C,532
Q3_1cgO42sh-ZY_0,3,C,533
Q3_1kny88W533Q_1,3,C,534
Q3_2eIsQtm4YNs_0,3,B,535
Q3_2eIsQtm4YNs_1,3,B,536
Q3_2v6gJi03LlA_0,3,C,537
Q3_2v6gJi03LlA_1,3,C,538
Q3_3ZnxqCZ7qGg_0,3,C,539
Q3_4Er-eFHSHA4_0,3,B,540
Q3_4Er-eFHSHA4_1,3,B,541
Q3_4Er-eFHSHA4_2,3,B,542
Q3_4Er-eFHSHA4_3,3,B,543
Q3_77z6Ep3aOmg_0,3,C,544
Q3_77z6Ep3aOmg_1,3,C,545
Q3_7JIdJLkJ0S4_0,3,C,546
Q3_7JIdJLkJ0S4_1,3,C,547
Q3_7JIdJLkJ0S4_2,3,C,548
Q3_7JIdJLkJ0S4_3,3,C,549
Q3_9Xg69XrVaYU_0,3,C,550
Q3_9Xg69XrVaYU_1,3,C,551
Q3_9Xg69XrVaYU_2,3,C,552
Q3_AacIP9mDLw8_1,3,C,553
Q3_Adil-zpJdEs_0,3,C,554
Q3_BIRDDxz0E4c_0,3,C,555
Q3_By3JCii1k3w_0,3,C,556
Q3_By3JCii1k3w_1,3,C,557
Q3_By3JCii1k3w_2,3,C,558
Q3_BzqX-9TA-GY_0,3,C,559
Q3_D3onzY4MNxE_0,3,C,560
Q3_D3onzY4MNxE_1,3,C,561
Q3_D8Ed5PZXfF4_0,3,C,562
Q3_DYBBfpEx-JI_4,3,C,563
Q3_E5qEloUO3SM_1,3,C,564
Q3_FH28sPhm9Dc_0,3,C,565
Q3_FH28sPhm9Dc_1,3,C,566
Q3_FOcdHIhI0_s_0,3,C,567
Q3_FOcdHIhI0_s_1,3,C,568
Q3_FUAK5TBaNY8_0,3,B,569
Q3_FUAK5TBaNY8_2,3,B,570
Q3_FUAK5TBaNY8_3,3,B,571
Q3_G4rL_OtfFAU_0,3,C,572
Q3_G4rL_OtfFAU_1,3,C,573
Q3_H6_7DjsbROQ_0,3,B,574
Q3_H6_7DjsbROQ_1,3,B,575
Q3_H6_7DjsbROQ_2,3,B,576
Q3_H6_7DjsbROQ_3,3,B,577
Q3_H6_7DjsbROQ_4,3,B,578
Q3_IH2KrGjKXw0_0,3,C,579
Q3_IH2KrGjKXw0_1,3,C,580
Q3_IH2KrGjKXw0_2,3,C,581
Q3_ISCVfmBvYoM_0,3,C,582
Q3_Ie5koh4qvJc_0,3,C,583
Q3_Ie5koh4qvJc_14,3,C,584
Q3_Ie5koh4qvJc_15,3,C,585
Q3_Ie5koh4qvJc_18,3,C,586
Q3_Ie5koh4qvJc_19,3,C,587
Q3_Ie5koh4qvJc_2,3,C,588
Q3_Ie5koh4qvJc_22,3,C,589
Q3_Ie5koh4qvJc_23,3,C,590
Q3_Ie5koh4qvJc_24,3,C,591
Q3_Ie5koh4qvJc_25,3,C,592
Q3_Ie5koh4qvJc_29,3,C,593
Q3_Ie5koh4qvJc_3,3,C,594
Q3_Ie5koh4qvJc_5,3,C,595
Q3_Ie5koh4qvJc_8,3,C,596
Q3_ItGNJM6skM4_0,3,C,597
Q3_JNzqL24ZcZ8_0,3,C,598
Q3_JNzqL24ZcZ8_1,3,C,599
Q3_JNzqL24ZcZ8_2,3,C,600
Q3_JT1XJnVmABo_1,3,C,601
Q3_K84TcgjCRt4_0,3,C,602
Q3_K84TcgjCRt4_1,3,C,603
Q3_K84TcgjCRt4_2,3,C,604
Q3_MbvPxCUMSek_0,3,B,605
Q3_MbvPxCUMSek_1,3,B,606
Q3_MbvPxCUMSek_2,3,B,607
Q3_NTI9ode6bRk_0,3,C,608
Q3_NTI9ode6bRk_1,3,C,609
Q3_OO7zYVeK814_0,3,C,610
Q3_OO7zYVeK814_1,3,C,611
Q3_OO7zYVeK814_2,3,C,612
Q3_Oku8sIpTMAE_0,3,B,613
Q3_Oku8sIpTMAE_1,3,B,614
Q3_Oku8sIpTMAE_2,3,B,615
Q3_Oku8sIpTMAE_3,3,B,616
Q3_Oku8sIpTMAE_4,3,B,617
Q3_P-We4q3goKU_0,3,C,618
Q3_PLfFWFZflQU_0,3,C,619
Q3_PLfFWFZflQU_1,3,C,620
Q3_PXOWy7NiZhk_0,3,C,621
Q3_PXOWy7NiZhk_1,3,C,622
Q3_QJlnTN7HRwE_0,3,C,623
Q3_QJlnTN7HRwE_1,3,C,624
Q3_QJlnTN7HRwE_2,3,C,625
Q3_QJlnTN7HRwE_3,3,C,626
Q3_REq37pDAm3A_0,3,B,627
Q3_REq37pDAm3A_1,3,B,628
Q3_REq37pDAm3A_3,3,B,629
Q3_REq37pDAm3A_4,3,B,630
Q3_RL_cmmNVLfs_0,3,C,631
Q3_RiQMuhk_SuQ_0,3,C,632
Q3_S1T3UF1vhSk_0,3,B,633
Q3_TYkTOwBfFB8_0,3,C,634
Q3_TYkTOwBfFB8_1,3,C,635
Q3_TonQX8XbvX8_0,3,C,636
Q3_TonQX8XbvX8_1,3,C,637
Q3_TonQX8XbvX8_2,3,C,638
Q3_TonQX8XbvX8_3,3,C,639
Q3_UE0y8MHqT-g_0,3,C,640
Q3_UJcnNfeCN1c_0,3,C,641
Q3_UuLTvhERcnk_0,3,C,642
Q3_UuLTvhERcnk_1,3,C,643
Q3_VrWAZLRdQO8_0,3,C,644
Q3_VrWAZLRdQO8_1,3,C,645
Q3_X1p8xcarVu0_0,3,C,646
Q3_X1p8xcarVu0_1,3,C,647
Q3_X1p8xcarVu0_2,3,C,648
Q3_X1p8xcarVu0_3,3,C,649
Q3_ZvD8QSO7NPw_0,3,C,650
Q3_ZvD8QSO7NPw_1,3,C,651
Q3_ZvD8QSO7NPw_2,3,C,652
Q3__S991V8N-8s_0,3,C,653
Q3__vZOEQCYSaY_0,3,C,654
Q3__vZOEQCYSaY_2,3,C,655
Q3_bbU31JLtlug_0,3,C,656
Q3_bbU31JLtlug_1,3,C,657
Q3_bfopzItCYrE_0,3,C,658
Q3_c6CwY8Gbw0c_0,3,C,659
Q3_c6CwY8Gbw0c_1,3,C,660
Q3_c6CwY8Gbw0c_2,3,C,661
Q3_c6CwY8Gbw0c_3,3,C,662
Q3_c6CwY8Gbw0c_4,3,C,663
Q3_cCfEDTkuMvg_0,3,C,664
Q3_dCoUuknChhE_0,3,C,665
Q3_egYSmNuIFGk_1,3,B,666
Q3_egYSmNuIFGk_2,3,B,667
Q3_epMOLn5Axw0_0,3,C,668
Q3_f0NbGeyJYms_0,3,C,669
Q3_fnqb8zqHqdY_0,3,C,670
Q3_fnqb8zqHqdY_1,3,C,671
Q3_fnqb8zqHqdY_2,3,C,672
Q3_fuCxYrru2S4_0,3,C,673
Q3_g-yM0Lsp4lc_0,3,C,674
Q3_g-yM0Lsp4lc_1,3,C,675
Q3_gvWDOIiocuE_0,3,C,676
Q3_gvWDOIiocuE_2,3,C,677
Q3_iRu9KQvbtVw_0,3,C,678
Q3_ii1Jw1-7Ka4_0,3,C,679
Q3_ii1Jw1-7Ka4_1,3,C,680
Q3_ii1Jw1-7Ka4_2,3,C,681
Q3_ijfxkQPAQdE_0,3,C,682
Q3_ilCcZpD39HU_0,3,C,683
Q3_ilCcZpD39HU_1,3,C,684
Q3_ilCcZpD39HU_2,3,C,685
Q3_ilCcZpD39HU_3,3,C,686
Q3_ilCcZpD39HU_4,3,C,687
Q3_iwxwLEvqeD8_0,3,C,688
Q3_jTPXwbDtIpA_0,3,C,689
Q3_kDGmND1BgmA_0,3,C,690
Q3_kDGmND1BgmA_1,3,C,691
Q3_kopwU6zpS4k_0,3,C,692
Q3_ldCQ6N9G6Mk_2,3,C,693
Q3_ldCQ6N9G6Mk_3,3,C,694
Q3_ldCQ6N9G6Mk_4,3,C,695
Q3_ltxNPJda7zE_2,3,B,696
Q3_nBIls0laAAU_0,3,C,697
Q3_nBIls0laAAU_1,3,C,698
Q3_nBIls0laAAU_2,3,C,699
Q3_nBao46YGZDg_0,3,C,700
Q3_nFunbdBrukY_0,3,C,701
Q3_p2qihp_PnLY_0,3,C,702
Q3_p2qihp_PnLY_1,3,C,703
Q3_pbVGv_g4n50_0,3,C,704
Q3_qRceKZtwRWA_1,3,C,705
Q3_qlbazHayULg_13,3,C,706
Q3_qlbazHayULg_3,3,C,707
Q3_qlbazHayULg_9,3,C,708
Q3_rEz0D3VohFA_0,3,C,709
Q3_rrD7XMtPs0Q_0,3,C,710
Q3_tLmXAWfbGqs_0,3,C,711
Q3_tfuul78deOs_0,3,C,712
Q3_tfuul78deOs_1,3,C,713
Q3_tw_lArYiHTo_0,3,C,714
Q3_uj3Gif77SYM_0,3,C,715
Q3_uj3Gif77SYM_1,3,C,716
Q3_uj3Gif77SYM_2,3,C,717
Q3_uj3Gif77SYM_3,3,C,718
Q3_uj3Gif77SYM_4,3,C,719
Q3_uj3Gif77SYM_5,3,C,720
Q3_uj3Gif77SYM_6,3,C,721
Q3_uj3Gif77SYM_7,3,C,722
Q3_uj3Gif77SYM_8,3,C,723
Q3_v2an-9szi8M_0,3,C,724
Q3_vVTP0DOL_2Q_0,3,C,725
Q3_vVTP0DOL_2Q_1,3,C,726
Q3_vVTP0DOL_2Q_2,3,C,727
Q3_vVTP0DOL_2Q_3,3,C,728
Q3_veG92Oi-DlU_0,3,C,729
Q3_veG92Oi-DlU_1,3,C,730
Q3_veG92Oi-DlU_2,3,C,731
Q3_wS0RzrBL9UI_0,3,C,732
Q3_wS0RzrBL9UI_1,3,C,733
Q3_wS0RzrBL9UI_2,3,C,734
Q3_wfXSdMsd4q8_0,3,B,735
Q3_wfXSdMsd4q8_1,3,B,736
Q3_wfXSdMsd4q8_2,3,B,737
Q3_wfXSdMsd4q8_3,3,B,738
Q3_wfXSdMsd4q8_4,3,B,739
Q3_wlOa1jkTn_U_0,3,C,740
Q3_wlOa1jkTn_U_1,3,C,741
Q3_wlOa1jkTn_U_2,3,C,742
Q3_wqc8iqbDsGM_0,3,B,743
Q3_wqc8iqbDsGM_1,3,B,744
Q3_wqc8iqbDsGM_2,3,B,745
Q3_wqc8iqbDsGM_3,3,B,746
Q3_wqc8iqbDsGM_4,3,B,747
Q3_wxXpvnmq_-E_0,3,C,748
Q3_wxXpvnmq_-E_1,3,C,749
Q3_wxXpvnmq_-E_2,3,C,750
Q3_x4B0raxVODA_0,3,C,751
Q3_x4B0raxVODA_1,3,C,752
Q3_x4B0raxVODA_2,3,C,753
Q3_x4B0raxVODA_3,3,C,754
Q3_xIsvaT20pZ0_0,3,C,755
Q3_xIsvaT20pZ0_1,3,C,756
Q3_xYZ8n8ULaNo_0,3,C,757
Q3_xYZ8n8ULaNo_1,3,C,758
Q3_yZGBxiNPu3k_1,3,C,759
Q3_yZGBxiNPu3k_2,3,C,760
Q3_zMa78n8ULtE_0,3,C,761
Q3_zMa78n8ULtE_1,3,C,762
Q3_zjr_-ql5Avk_0,3,B,763
Q3_zjr_-ql5Avk_1,3,B,764
Q3_zjr_-ql5Avk_2,3,B,765
Q3_zvWX_dwQPtU_0,3,C,766
Q3_zvWX_dwQPtU_1,3,C,767
Q3_zvWX_dwQPtU_2,3,C,768
Q4_--2B4d4lQhs_3,4,C,769
Q4_-_FjI4bT2Wo_0,4,C,770
Q4_-_FjI4bT2Wo_1,4,C,771
Q4_-_FjI4bT2Wo_2,4,C,772
Q4_0c2dTJTDUR4_1,4,C,773
Q4_12tDlCQVRtA_0,4,C,774
Q4_12tDlCQVRtA_1,4,C,775
Q4_12tDlCQVRtA_2,4,C,776
Q4_170KC2CbJ7Y_0,4,C,777
Q4_170KC2CbJ7Y_1,4,C,778
Q4_1A9Hh2GrDTs_0,4,C,779
Q4_1Qc15G0ZHIg_0,4,C,780
Q4_1fdxsFbnsX4_0,4,C,781
Q4_1fdxsFbnsX4_1,4,C,782
Q4_1vjy9oMFa8c_0,4,C,783
Q4_1vjy9oMFa8c_1,4,C,784
Q4_1vjy9oMFa8c_3,4,C,785
Q4_22S3w4idugs_0,4,C,786
Q4_2Z9SjI131jA_5,4,C,787
Q4_2Z9SjI131jA_6,4,C,788
Q4_2w5XkAt_3WU_0,4,C,789
Q4_3As1t6JySDE_0,4,C,790
Q4_3N2G21U7guk_0,4,C,791
Q4_3N2G21U7guk_1,4,C,792
Q4_3N2G21U7guk_2,4,C,793
Q4_3N2G21U7guk_4,4,C,794
Q4_3TYeU9idRGI_0,4,C,795
Q4_3TYeU9idRGI_1,4,C,796
Q4_5DqIntcmdRI_0,4,C,797
Q4_5DqIntcmdRI_1,4,C,798
Q4_5J_zI7QE9W8_0,4,C,799
Q4_5J_zI7QE9W8_1,4,C,800
Q4_5J_zI7QE9W8_2,4,C,801
Q4_5Ju9q1N2x0E_0,4,C,802
Q4_5Ju9q1N2x0E_1,4,C,803
Q4_61EA0xRX8gE_2,4,C,804
Q4_6kRPHamGDSo_2,4,C,805
Q4_6oLmO9ZSJt0_0,4,C,806
Q4_6oLmO9ZSJt0_1,4,C,807
Q4_7gifuoofgpk_0,4,C,808
Q4_7gifuoofgpk_1,4,C,809
Q4_7yW9c7t8Hq0_0,4,C,810
Q4_8TYY0qG-KOw_0,4,C,811
Q4_9eMxCs-LXCE_0,4,C,812
Q4_9eMxCs-LXCE_1,4,C,813
Q4_9eMxCs-LXCE_2,4,C,814
Q4_9v2WSpn4FCw_9,4,C,815
Q4_ADJ_PDauy-g_0,4,C,816
Q4_ADJ_PDauy-g_1,4,C,817
Q4_ADJ_PDauy-g_2,4,C,818
Q4_AjN_5CdVUdw_0,4,C,819
Q4_B3aRl8iTEKw_0,4,C,820
Q4_B3aRl8iTEKw_1,4,C,821
Q4_BIRDDxz0E4c_1,4,C,822
Q4_BaHHHgDd0BU_0,4,C,823
Q4_BaHHHgDd0BU_1,4,C,824
Q4_Cir1kZyB7QM_0,4,C,825
Q4_Cir1kZyB7QM_1,4,C,826
Q4_CkjAksZstEA_0,4,C,827
Q4_CkjAksZstEA_1,4,C,828
Q4_DX1IK3z1w10_0,4,C,829
Q4_DvIH5yUrboc_0,4,C,830
Q4_DvIH5yUrboc_1,4,C,831
Q4_DvIH5yUrboc_2,4,C,832
Q4_Dw7M69CidJ8_0,4,C,833
Q4_Dw7M69CidJ8_1,4,C,834
Q4_Dw7M69CidJ8_2,4,C,835
Q4_Dw7M69CidJ8_3,4,C,836
Q4_E5qEloUO3SM_0,4,C,837
Q4_E6MARl3zjnQ_0,4,C,838
Q4_FSzOgraSKhs_0,4,C,839
Q4_FSzOgraSKhs_1,4,C,840
Q4_FoTXpYZXxJs_0,4,C,841
Q4_FoTXpYZXxJs_1,4,C,842
Q4_FyK_c-TIcCA_0,4,C,843
Q4_FyK_c-TIcCA_1,4,C,844
Q4_FyK_c-TIcCA_2,4,C,845
Q4_GAvPwG2wYZM_0,4,C,846
Q4_GAvPwG2wYZM_1,4,C,847
Q4_GbUV3TXUzeQ_0,4,C,848
Q4_Gcbk0GPT3-g_0,4,C,849
Q4_Gcbk0GPT3-g_1,4,C,850
Q4_HQ8ISDX6PiI_0,4,C,851
Q4_HQ8ISDX6PiI_1,4,C,852
Q4_HYVmgq5Y93g_0,4,C,853
Q4_HYVmgq5Y93g_1,4,C,854
Q4_HYVmgq5Y93g_2,4,C,855
Q4_Hwd6l9jK7bo_0,4,C,856
Q4_Hwd6l9jK7bo_1,4,C,857
Q4_I2MrA-o5H8I_0,4,C,858
Q4_I2MrA-o5H8I_1,4,C,859
Q4_I2MrA-o5H8I_2,4,C,860
Q4_Ie5koh4qvJc_1,4,C,861
Q4_Ie5koh4qvJc_16,4,C,862
Q4_Ie5koh4qvJc_17,4,C,863
Q4_Ie5koh4qvJc_20,4,C,864
Q4_Ie5koh4qvJc_21,4,C,865
Q4_Ie5koh4qvJc_27,4,C,866
Q4_Ie5koh4qvJc_28,4,C,867
Q4_Ie5koh4qvJc_31,4,C,868
Q4_Ie5koh4qvJc_32,4,C,869
Q4_Ie5koh4qvJc_4,4,C,870
Q4_IgpNyJVWcBo_0,4,C,871
Q4_J6X3rVU1H-c_0,4,C,872
Q4_JP3QKZlyQz4_0,4,C,873
Q4_JP3QKZlyQz4_1,4,C,874
Q4_JP3QKZlyQz4_2,4,C,875
Q4_JT1XJnVmABo_0,4,C,876
Q4_JT1XJnVmABo_1,4,C,877
Q4_JT1XJnVmABo_2,4,C,878
Q4_JxSU49jFKwM_0,4,C,879
Q4_JxSU49jFKwM_1,4,C,880
Q4_KRlAez34QfE_0,4,C,881
Q4_KRlAez34QfE_1,4,C,882
Q4_KRlAez34QfE_2,4,C,883
Q4_KxlqB3j0zys_2,4,C,884
Q4_KxlqB3j0zys_3,4,C,885
Q4_KxlqB3j0zys_4,4,C,886
Q4_MT2_mXn-vGU_0,4,C,887
Q4_MT2_mXn-vGU_1,4,C,888
Q4_MT2_mXn-vGU_2,4,C,889
Q4_NP0lwB-_-og_0,4,C,890
Q4_NzJjMGJg1wE_0,4,C,891
Q4_OUb9uaOlWAM_0,4,C,892
Q4_OgkB7PfqWzA_0,4,C,893
Q4_OgkB7PfqWzA_1,4,C,894
Q4_OoxI6k0Qsno_0,4,C,895
Q4_OoxI6k0Qsno_1,4,C,896
Q4_OyaY4213c2A_0,4,C,897
Q4_OyaY4213c2A_1,4,C,898
Q4_PK8YIUaV3Xw_0,4,C,899
Q4_PK8YIUaV3Xw_1,4,C,900
Q4_PZN7XLKzLDI_1,4,C,901
Q4_Q49PWE0RJLY_0,4,C,902
Q4_Q49PWE0RJLY_1,4,C,903
Q4_QBJ6YYYpIyk_0,4,C,904
Q4_T92R7xjce34_0,4,C,905
Q4_TOXg4-ZGb-g_0,4,C,906
Q4_TOXg4-ZGb-g_1,4,C,907
Q4_TOXg4-ZGb-g_2,4,C,908
Q4_Tc684nD8CEA_0,4,C,909
Q4_Tc684nD8CEA_1,4,C,910
Q4_Tc684nD8CEA_2,4,C,911
Q4_Tc684nD8CEA_3,4,C,912
Q4_Tc684nD8CEA_4,4,C,913
Q4_TcFVq0leii4_0,4,C,914
Q4_Tjno89OVuRI_0,4,C,915
Q4_Tjno89OVuRI_1,4,C,916
Q4_UaYYMRkHMYc_0,4,C,917
Q4_UaYYMRkHMYc_1,4,C,918
Q4_UaYYMRkHMYc_2,4,C,919
Q4_UbKAl4roB8k_0,4,C,920
Q4_UbKAl4roB8k_1,4,C,921
Q4_UbKAl4roB8k_2,4,C,922
Q4_UpHutdJvZMI_0,4,C,923
Q4_UpHutdJvZMI_1,4,C,924
Q4_UpHutdJvZMI_2,4,C,925
Q4_Ury1cdB79s0_0,4,C,926
Q4_Ury1cdB79s0_1,4,C,927
Q4_V3Y9L4UOcpk_0,4,C,928
Q4_V3Y9L4UOcpk_1,4,C,929
Q4_VCSDjQxAJzc_0,4,C,930
Q4_VCSDjQxAJzc_1,4,C,931
Q4_VCSDjQxAJzc_2,4,C,932
Q4_VXh4IaR5C6s_0,4,C,933
Q4_V_jbWvQNh5c_0,4,C,934
Q4_V_jbWvQNh5c_1,4,C,935
Q4_XC_SiJszQx0_0,4,C,936
Q4_XC_SiJszQx0_2,4,C,937
Q4_XPLYvpyfKUM_0,4,C,938
Q4_XPLYvpyfKUM_1,4,C,939
Q4_XWk5XUEBXmg_0,4,C,940
Q4_XWk5XUEBXmg_1,4,C,941
Q4_Xf2fox7zhCQ_0,4,C,942
Q4_Xf2fox7zhCQ_1,4,C,943
Q4_Xf2fox7zhCQ_2,4,C,944
Q4_Xlv4PPGrRRs_0,4,C,945
Q4_Xlv4PPGrRRs_1,4,C,946
Q4_Y1F0c3zgMJo_0,4,C,947
Q4_Y1F0c3zgMJo_1,4,C,948
Q4_YAAxPW1GB7w_0,4,C,949
Q4_YAAxPW1GB7w_1,4,C,950
Q4_YhXRyOl5pi0_0,4,C,951
Q4__BK2o77sTc0_2,4,C,952
Q4_a5QCcwEjxAk_0,4,C,953
Q4_a5QCcwEjxAk_1,4,C,954
Q4_aQ4PIaRMLwE_0,4,C,955
Q4_aQ4PIaRMLwE_1,4,C,956
Q4_aQ4PIaRMLwE_2,4,C,957
Q4_bfopzItCYrE_2,4,C,958
Q4_biROWEwkDQQ_0,4,C,959
Q4_biROWEwkDQQ_1,4,C,960
Q4_biROWEwkDQQ_2,4,C,961
Q4_cXxGBDgFCs8_0,4,C,962
Q4_cXxGBDgFCs8_1,4,C,963
Q4_cXxGBDgFCs8_2,4,C,964
Q4_d_49EtXDMFE_0,4,C,965
Q4_d_49EtXDMFE_1,4,C,966
Q4_d_49EtXDMFE_2,4,C,967
Q4_e838BE_MH6s_0,4,C,968
Q4_egYSmNuIFGk_0,4,C,969
Q4_f2b4kpdw7_c_0,4,C,970
Q4_f2b4kpdw7_c_1,4,C,971
Q4_fOYX0uH8mSQ_0,4,C,972
Q4_fShAWhXIits_0,4,C,973
Q4_fShAWhXIits_1,4,C,974
Q4_g15aRCHUJEI_0,4,C,975
Q4_g15aRCHUJEI_1,4,C,976
Q4_g15aRCHUJEI_2,4,C,977
Q4_gwmVjvR-sVs_2,4,C,978
Q4_gxsdWKc1QaM_0,4,C,979
Q4_heBmBQDWj-M_0,4,C,980
Q4_heBmBQDWj-M_1,4,C,981
Q4_heBmBQDWj-M_2,4,C,982
Q4_hoPp_GLXQis_0,4,C,983
Q4_hoPp_GLXQis_1,4,C,984
Q4_iGHgeUCPotc_0,4,C,985
Q4_iHPKusssXzk_0,4,C,986
Q4_iHPKusssXzk_1,4,C,987
Q4_iHPKusssXzk_2,4,C,988
Q4_iXiSFSGws-c_0,4,C,989
Q4_iXiSFSGws-c_1,4,C,990
Q4_iXiSFSGws-c_2,4,C,991
Q4_j8Ir-ssM-AA_0,4,C,992
Q4_j8Ir-ssM-AA_1,4,C,993
Q4_jCLgDtk695I_0,4,C,994
Q4_jCLgDtk695I_1,4,C,995
Q4_jCLgDtk695I_2,4,C,996
Q4_jCLgDtk695I_3,4,C,997
Q4_jCLgDtk695I_4,4,C,998
Q4_jNzZCplNNyY_0,4,C,999
Q4_jNzZCplNNyY_1,4,C,1000
Q4_jO2zX6Ul8GM_2,4,C,1001
Q4_jSWItJI-Gmk_0,4,C,1002
Q4_jSWItJI-Gmk_1,4,C,1003
Q4_k-FNDbK6Qhg_1,4,C,1004
Q4_k6aLLVX1D7Y_0,4,C,1005
Q4_k6aLLVX1D7Y_1,4,C,1006
Q4_k6aLLVX1D7Y_2,4,C,1007
Q4_kMHiU0fhWVw_0,4,C,1008
Q4_kMHiU0fhWVw_1,4,C,1009
Q4_kMHiU0fhWVw_2,4,C,1010
Q4_kMHiU0fhWVw_3,4,C,1011
Q4_kfYaGryaGzI_0,4,C,1012
Q4_kfYaGryaGzI_1,4,C,1013
Q4_lQCrA2TE-fo_0,4,C,1014
Q4_lQCrA2TE-fo_1,4,C,1015
Q4_lTxVVdhFE6Q_0,4,C,1016
Q4_lTxVVdhFE6Q_1,4,C,1017
Q4_ldCQ6N9G6Mk_0,4,C,1018
Q4_ldCQ6N9G6Mk_1,4,C,1019
Q4_ldCQ6N9G6Mk_5,4,C,1020
Q4_ltNK_MY1HkM_0,4,C,1021
Q4_ltNK_MY1HkM_1,4,C,1022
Q4_ltNK_MY1HkM_2,4,C,1023
Q4_ltxNPJda7zE_0,4,C,1024
Q4_ltxNPJda7zE_1,4,C,1025
Q4_ltxNPJda7zE_3,4,C,1026
Q4_ltxNPJda7zE_4,4,C,1027
Q4_lvfNo4KOTmM_0,4,C,1028
Q4_lvfNo4KOTmM_1,4,C,1029
Q4_mGYKWCVnMwQ_0,4,C,1030
Q4_mGYKWCVnMwQ_1,4,C,1031
Q4_nGkpcWNAxDU_0,4,C,1032
Q4_nGkpcWNAxDU_1,4,C,1033
Q4_nGkpcWNAxDU_2,4,C,1034
Q4_oTi57hZfArE_0,4,C,1035
Q4_oTi57hZfArE_1,4,C,1036
Q4_oTi57hZfArE_2,4,C,1037
Q4_pRuwHN-lI44_0,4,C,1038
Q4_pRuwHN-lI44_1,4,C,1039
Q4_pRuwHN-lI44_2,4,C,1040
Q4_pRuwHN-lI44_3,4,C,1041
Q4_pkz8OkWhwnk_0,4,C,1042
Q4_pkz8OkWhwnk_1,4,C,1043
Q4_prUUays30Mg_0,4,C,1044
Q4_prUUays30Mg_1,4,C,1045
Q4_pzeHffxmdcE_0,4,C,1046
Q4_q4T8Znozvkk_0,4,C,1047
Q4_qRceKZtwRWA_0,4,C,1048
Q4_rDhbGjFlKF8_0,4,C,1049
Q4_rDhbGjFlKF8_1,4,C,1050
Q4_rW1I58_lMEg_0,4,C,1051
Q4_rW1I58_lMEg_1,4,C,1052
Q4_rW1I58_lMEg_2,4,C,1053
Q4_rW1I58_lMEg_3,4,C,1054
Q4_r_sD61KeUQU_0,4,C,1055
Q4_sA9ac1rod84_0,4,C,1056
Q4_sA9ac1rod84_1,4,C,1057
Q4_uUtnyA6tLnI_0,4,C,1058
Q4_u_7b9CwyM8Q_0,4,C,1059
Q4_u_7b9CwyM8Q_1,4,C,1060
Q4_v3Nl5rUxLqE_0,4,C,1061
Q4_v3Nl5rUxLqE_1,4,C,1062
Q4_vBHoSz8cJIE_0,4,C,1063
Q4_vBHoSz8cJIE_1,4,C,1064
Q4_vBHoSz8cJIE_2,4,C,1065
Q4_vBHoSz8cJIE_3,4,C,1066
Q4_vBHoSz8cJIE_4,4,C,1067
Q4_vJ77eDxHezE_0,4,C,1068
Q4_vJ77eDxHezE_1,4,C,1069
Q4_vpTguZtJAFA_0,4,C,1070
Q4_vpTguZtJAFA_1,4,C,1071
Q4_vpTguZtJAFA_2,4,C,1072
Q4_wzSr6qR3Ra0_0,4,C,1073
Q4_xgtwQGeB6_0_0,4,C,1074
Q4_xrhWli_R98g_0,4,C,1075
Q4_xrhWli_R98g_2,4,C,1076
Q4_yC0fAQxGgr0_0,4,C,1077
Q4_yC0fAQxGgr0_1,4,C,1078
